[{  "nombre": "Juan",  "apellido": "Pérez",  "sexo": "masculino",  "vivo": true,  "edad": 27,  "dirección": {    "calle": "Pasarratos 18",    "población": "Barcelona",    "provincia": "Barcelona",    "CP": "08023"    },"numerosTelefono": [    {      "tipo": "casa",      "número": "0000000"    },    {      " tipo": "móvil",      "número": "111111111"    }  ],"títulos": ["sr.", "Dr."]  },	{		"nombre": "Anna",		"apellido": "Verdi",		"sexo": "femenino",		"vivo": true,		"edad": 44,		"dirección": {			"calle": "Luna 18",			"población": "Castelldefels",			"provincia": "Barcelona",			"CP": "08860"		},		"númerosTelefono": [{				"tipo": "trabajo",				"número": "2222222"			},			{				"tipo": "móvil",				"número": "3333333"			}		],		"títulos": []	}]